{
  "id": "4753351",
  "name": "炜洹PC",
  "font_family": "iconfont",
  "css_prefix_text": "icon-",
  "description": "",
  "glyphs": [
    {
      "icon_id": "11372677",
      "name": "男",
      "font_class": "nan",
      "unicode": "e8b3",
      "unicode_decimal": 59571
    },
    {
      "icon_id": "11372678",
      "name": "女",
      "font_class": "nv",
      "unicode": "e8b4",
      "unicode_decimal": 59572
    },
    {
      "icon_id": "2076266",
      "name": "扫一扫",
      "font_class": "saoyisao",
      "unicode": "e891",
      "unicode_decimal": 59537
    },
    {
      "icon_id": "683289",
      "name": "提交",
      "font_class": "tijiao",
      "unicode": "e664",
      "unicode_decimal": 58980
    },
    {
      "icon_id": "577315",
      "name": "减号",
      "font_class": "jianhao",
      "unicode": "e729",
      "unicode_decimal": 59177
    },
    {
      "icon_id": "737968",
      "name": "加",
      "font_class": "jia1",
      "unicode": "e632",
      "unicode_decimal": 58930
    },
    {
      "icon_id": "2076330",
      "name": "加",
      "font_class": "jia",
      "unicode": "e8a6",
      "unicode_decimal": 59558
    },
    {
      "icon_id": "683382",
      "name": "个人资料",
      "font_class": "gerenziliao",
      "unicode": "e608",
      "unicode_decimal": 58888
    },
    {
      "icon_id": "200968",
      "name": "3.1店铺",
      "font_class": "31dianpu",
      "unicode": "e600",
      "unicode_decimal": 58880
    },
    {
      "icon_id": "577341",
      "name": "购物车",
      "font_class": "gouwuche1",
      "unicode": "e73d",
      "unicode_decimal": 59197
    },
    {
      "icon_id": "3416456",
      "name": "优惠卷",
      "font_class": "youhuijuan",
      "unicode": "e609",
      "unicode_decimal": 58889
    },
    {
      "icon_id": "6282778",
      "name": "退出",
      "font_class": "tuichu",
      "unicode": "e6bc",
      "unicode_decimal": 59068
    },
    {
      "icon_id": "10156391",
      "name": "个人",
      "font_class": "geren",
      "unicode": "e654",
      "unicode_decimal": 58964
    },
    {
      "icon_id": "11372658",
      "name": "订单",
      "font_class": "dingdan",
      "unicode": "e8ae",
      "unicode_decimal": 59566
    },
    {
      "icon_id": "11372668",
      "name": "会员",
      "font_class": "huiyuan",
      "unicode": "e8b1",
      "unicode_decimal": 59569
    },
    {
      "icon_id": "11372701",
      "name": "收藏",
      "font_class": "shoucang2",
      "unicode": "e8b9",
      "unicode_decimal": 59577
    },
    {
      "icon_id": "11372775",
      "name": "手机",
      "font_class": "shouji",
      "unicode": "e8c6",
      "unicode_decimal": 59590
    },
    {
      "icon_id": "11372777",
      "name": "收藏",
      "font_class": "shoucang3",
      "unicode": "e8c7",
      "unicode_decimal": 59591
    },
    {
      "icon_id": "17605462",
      "name": "地址",
      "font_class": "dizhi2",
      "unicode": "e814",
      "unicode_decimal": 59412
    },
    {
      "icon_id": "40266053",
      "name": "帮助@1x",
      "font_class": "a-bangzhu1x",
      "unicode": "e611",
      "unicode_decimal": 58897
    },
    {
      "icon_id": "436015",
      "name": "邮件",
      "font_class": "youjian",
      "unicode": "e804",
      "unicode_decimal": 59396
    },
    {
      "icon_id": "1051652",
      "name": "电话1",
      "font_class": "dianhua1",
      "unicode": "e639",
      "unicode_decimal": 58937
    },
    {
      "icon_id": "8641054",
      "name": "官网",
      "font_class": "guanwang",
      "unicode": "e661",
      "unicode_decimal": 58977
    },
    {
      "icon_id": "9683672",
      "name": "地址",
      "font_class": "dizhi1",
      "unicode": "e638",
      "unicode_decimal": 58936
    },
    {
      "icon_id": "24732571",
      "name": "文章",
      "font_class": "wenzhang",
      "unicode": "ecb3",
      "unicode_decimal": 60595
    },
    {
      "icon_id": "2742625",
      "name": "返回",
      "font_class": "fanhui",
      "unicode": "e669",
      "unicode_decimal": 58985
    },
    {
      "icon_id": "4892640",
      "name": "icon-design-42",
      "font_class": "erweima-copy",
      "unicode": "e63a",
      "unicode_decimal": 58938
    },
    {
      "icon_id": "8019600",
      "name": "购物车",
      "font_class": "gouwuche",
      "unicode": "e613",
      "unicode_decimal": 58899
    },
    {
      "icon_id": "953321",
      "name": "收藏",
      "font_class": "shoucang",
      "unicode": "e612",
      "unicode_decimal": 58898
    },
    {
      "icon_id": "2076187",
      "name": " 收藏2",
      "font_class": "shoucang1",
      "unicode": "e86d",
      "unicode_decimal": 59501
    },
    {
      "icon_id": "7140591",
      "name": "地址",
      "font_class": "dizhi",
      "unicode": "e646",
      "unicode_decimal": 58950
    },
    {
      "icon_id": "17868595",
      "name": "搜索",
      "font_class": "sousuo",
      "unicode": "e60d",
      "unicode_decimal": 58893
    },
    {
      "icon_id": "5203280",
      "name": "上",
      "font_class": "shang1",
      "unicode": "e62e",
      "unicode_decimal": 58926
    },
    {
      "icon_id": "5203303",
      "name": "下",
      "font_class": "xia",
      "unicode": "e637",
      "unicode_decimal": 58935
    },
    {
      "icon_id": "4933869",
      "name": "点",
      "font_class": "dian",
      "unicode": "ec1e",
      "unicode_decimal": 60446
    },
    {
      "icon_id": "1110453",
      "name": "右箭头",
      "font_class": "youjiantou",
      "unicode": "e631",
      "unicode_decimal": 58929
    },
    {
      "icon_id": "6582321",
      "name": "右",
      "font_class": "you",
      "unicode": "e62a",
      "unicode_decimal": 58922
    },
    {
      "icon_id": "5901138",
      "name": "上",
      "font_class": "shang",
      "unicode": "e623",
      "unicode_decimal": 58915
    },
    {
      "icon_id": "14835598",
      "name": "左箭头",
      "font_class": "arrowLeft",
      "unicode": "e65d",
      "unicode_decimal": 58973
    },
    {
      "icon_id": "14835599",
      "name": "右箭头",
      "font_class": "arrowRight",
      "unicode": "e65e",
      "unicode_decimal": 58974
    },
    {
      "icon_id": "630083",
      "name": "下拉",
      "font_class": "xiala",
      "unicode": "e65c",
      "unicode_decimal": 58972
    },
    {
      "icon_id": "996913",
      "name": "右右",
      "font_class": "left-1",
      "unicode": "e603",
      "unicode_decimal": 58883
    },
    {
      "icon_id": "1028020",
      "name": "右右",
      "font_class": "down-1-copy",
      "unicode": "e604",
      "unicode_decimal": 58884
    },
    {
      "icon_id": "1029274",
      "name": "右右",
      "font_class": "right-1-copy",
      "unicode": "e61f",
      "unicode_decimal": 58911
    },
    {
      "icon_id": "37356626",
      "name": "关闭",
      "font_class": "guanbi",
      "unicode": "e60e",
      "unicode_decimal": 58894
    },
    {
      "icon_id": "7594157",
      "name": "24gf-playCircle",
      "font_class": "24gf-playCircle",
      "unicode": "ea82",
      "unicode_decimal": 60034
    }
  ]
}
